{
  "0": 0.0,
  "1": 0.02564102564102564,
  "2": 0.02564102564102564,
  "3": 0.038461538461538464,
  "4": 0.038461538461538464,
  "5": 0.05128205128205128,
  "6": 0.05128205128205128,
  "7": 0.02564102564102564,
  "8": 0.038461538461538464,
  "9": 0.02564102564102564,
  "10": 0.05128205128205128,
  "11": 0.038461538461538464,
  "12": 0.038461538461538464,
  "13": 0.038461538461538464,
  "14": 0.0641025641025641,
  "15": 0.0641025641025641,
  "16": 0.0641025641025641,
  "17": 0.05128205128205128,
  "18": 0.07692307692307693,
  "19": 0.0641025641025641,
  "20": 0.07692307692307693,
  "21": 0.05128205128205128,
  "22": 0.0641025641025641,
  "23": 0.10256410256410256
}