{
  "0": 0.014285714285714285,
  "1": 0.02857142857142857,
  "2": 0.07142857142857142,
  "3": 0.08571428571428572,
  "4": 0.07142857142857142,
  "5": 0.08571428571428572,
  "6": 0.1,
  "7": 0.08571428571428572,
  "8": 0.1,
  "9": 0.1,
  "10": 0.11428571428571428,
  "11": 0.11428571428571428,
  "12": 0.17142857142857143,
  "13": 0.2,
  "14": 0.3142857142857143,
  "15": 0.2714285714285714,
  "16": 0.3142857142857143,
  "17": 0.2857142857142857,
  "18": 0.2571428571428571,
  "19": 0.3,
  "20": 0.3,
  "21": 0.2714285714285714,
  "22": 0.2857142857142857,
  "23": 0.2857142857142857
}