{
  "0": 0.06779661016949153,
  "1": 0.1694915254237288,
  "2": 0.1694915254237288,
  "3": 0.23728813559322035,
  "4": 0.2542372881355932,
  "5": 0.3050847457627119,
  "6": 0.3559322033898305,
  "7": 0.3898305084745763,
  "8": 0.3728813559322034,
  "9": 0.3898305084745763,
  "10": 0.4406779661016949,
  "11": 0.4576271186440678,
  "12": 0.5084745762711864,
  "13": 0.4745762711864407,
  "14": 0.6101694915254238,
  "15": 0.6440677966101694,
  "16": 0.5932203389830508,
  "17": 0.6101694915254238,
  "18": 0.5932203389830508,
  "19": 0.6101694915254238,
  "20": 0.711864406779661,
  "21": 0.7966101694915254,
  "22": 0.7796610169491526,
  "23": 0.7627118644067796
}